{
	"Pages": [
		{
			"Page Name": "All Employees Search Option",
			"Data": [
				{
					"Object Name": "Last Name",
					"Selector": "CSS:#label_search_options_last_name_field",
					"Object Type": "WebTextBox",
					"ID": "2",
					"Frame ID": "#"
				},
				{
					"Object Name": "Position ID",
					"Selector": "CSS:#label_search_options_position_id_field",
					"Object Type": "WebTextBox",
					"ID": "3",
					"Frame ID": "#"
				},
				{
					"Object Name": "Company Code",
					"Selector": "CSS:#widget_label_search_options_company_code_field",
					"Object Type": "WebComboBox",
					"ID": "4",
					"Frame ID": "#"
				},
				{
					"Object Name": "File #",
					"Selector": "CSS:#file_number",
					"Object Type": "WebTextBox",
					"ID": "5",
					"Frame ID": "#"
				},
				{
					"Object Name": "Home Department",
					"Selector": "CSS:#widget_label_search_options_home_department_field",
					"Object Type": "WebComboBox",
					"ID": "6",
					"Frame ID": "#"
				},
				{
					"Object Name": "Status",
					"Selector": "CSS:#widget_label_search_options_status_field",
					"Object Type": "WebComboBox",
					"ID": "7",
					"Frame ID": "#"
				},
				{
					"Object Name": "Rate Type",
					"Selector": "CSS:#widget_label_search_options_rate_type_field",
					"Object Type": "WebComboBox",
					"ID": "8",
					"Frame ID": "#"
				},
				{
					"Object Name": "Job Title",
					"Selector": "CSS:#widget_label_search_options_job_title_field",
					"Object Type": "WebComboBox",
					"ID": "9",
					"Frame ID": "#"
				},
				{
					"Object Name": "SEARCH",
					"Selector": "CSS:#advSearchBtn",
					"Object Type": "WebButton",
					"ID": "10",
					"Frame ID": "#"
				},
				{
					"Object Name": "Show",
					"Selector": "CSS:#widget_advancedSearchResultsGrid_toolbar_viewSelect",
					"Object Type": "WebComboBox",
					"ID": "11",
					"Frame ID": "#"
				},
				{
					"Object Name": "Search",
					"Selector": "CSS:#revit_form_TextBox_2",
					"Object Type": "WebTextBox",
					"ID": "12",
					"Frame ID": "#"
				},
				{
					"Object Name": "Rows Per Page",
					"Selector": "CSS:#widget_advancedSearchResultsGrid_rowsPerPageWidget",
					"Object Type": "WebComboBox",
					"ID": "13",
					"Frame ID": "#"
				},
				{
					"Object Name": "Rows Per Page Number",
					"Selector": "CSS:#advancedSearchResultsGrid_start_position_box",
					"Object Type": "WebTextBox",
					"ID": "14",
					"Frame ID": "#"
				},
				{
					"Object Name": "USE THIS LIST",
					"Selector": "CSS:#useThisListButton",
					"Object Type": "WebButton",
					"ID": "15",
					"Frame ID": "#"
				},
				{
					"Object Name": "CANCEL",
					"Selector": "CSS:#cancelLink",
					"Object Type": "WebButton",
					"ID": "16",
					"Frame ID": "#"
				}
			]
		}
	]
}
