{
	"DMLDatabaseInfo": [
		{
			"AUTO1 Client DB": [
				{
					"WFC27Y": {
						"DB Instance": "wfc27y_svc1",
						"Schema": "WFN10SCH00027",
						"Password": "pxtadpadp",
						"UseSkipVPD": "No"
					},
					"WFC28Y": {
						"DB Instance": "wfc28y_svc1",
						"Schema": "WFN10SCH00028",
						"Password": "pxtadpadp",
						"UseSkipVPD": "No"
					}
				}
			],
			"AUTO2 Client DB": [
				{
					"WFC29Y": {
						"DB Instance": "wfc29y_svc1",
						"Schema": "WFN13SCH01661",
						"Password": "pxtadpadp",
						"UseSkipVPD": "No"
					},
					"WFC30Y": {
						"DB Instance": "wfc30y_svc1",
						"Schema": "WFN13SCH01715",
						"Password": "pxtadpadp",
						"UseSkipVPD": "No"
					}
				}
			],
			"AUTO PORTAL DB": [
				{
					"wfn_aut1": {
						"DB Instance": "WFC28Y_SVC1",
						"Schema": "WFNPAASDP028_PORTAL",
						"Password": "portal",
						"UseSkipVPD": "No"
					},
					"wfn_aut2": {
						"DB Instance": "WFC30Y_SVC1",
						"Schema": "WFNPAASDP030_PORTAL",
						"Password": "portal",
						"UseSkipVPD": "No"
					}
				}
			],
			"Snapshot Client DB": [
				{
					"wfn_aut1": {
						"DB Instance": "wfc28y_svc1",
						"Schema": "WFN10SCH00028",
						"Password": "pxtadpadp",
						"UseSkipVPD": "No"
					},
					"wfn_aut1_nap": {
						"DB Instance": "wfc28y_svc1",
						"Schema": "WFN10SCH00028",
						"Password": "pxtadpadp",
						"UseSkipVPD": "No"
					},
					"wfn_aut2": {
						"DB Instance": "wfc30y_svc1",
						"Schema": "WFN13SCH01715",
						"Password": "pxtadpadp",
						"UseSkipVPD": "No"
					},
					"wfn_aut2_nap": {
						"DB Instance": "wfc30y_svc1",
						"Schema": "WFN13SCH01715",
						"Password": "pxtadpadp",
						"UseSkipVPD": "No"
					},
					"wfn_dit2_ddt": {
						"DB Instance": "wfc32d_svc1",
						"Schema": "WFN10SCH00032",
						"Password": "pxtadpadp",
						"UseSkipVPD": "No"
					},
					"wfn_fit1_WFN43": {
						"DB Instance": "wfc32q_svc1",
						"Schema": "WFN9SCH000032",
						"Password": "pxtadpadp",
						"UseSkipVPD": "No"
					},
					"wfn_fit1_WFN44": {
						"DB Instance": "wfc33q_svc1",
						"Schema": "WFN9SCH000033",
						"Password": "pxtadpadp",
						"UseSkipVPD": "No"
					},
					"wfn_fit1_WFN50": {
						"DB Instance": "wfc33q_svc1",
						"Schema": "WFN9SCH000053",
						"Password": "pxtadpadp",
						"UseSkipVPD": "No"
					},
					"wfn_fit1_WFN48": {
						"DB Instance": "wfc31q_svc1",
						"Schema": "WFN19SCH000031",
						"Password": "pxtadpadp",
						"UseSkipVPD": "No"
					}
				}
			],
			"Comp Services": [
				{
					"wfn_aut1": {
						"DB Instance": "",
						"Schema": "",
						"Password": "pxtadpadp",
						"UseSkipVPD": "No"
					},
					"wfn_aut2": {
						"DB Instance": "",
						"Schema": "",
						"Password": "pxtadpadp",
						"UseSkipVPD": "No"
					}
				}
			],
			"AWS Client DB": [
				{
					"AWS_FIT": {
						"DB Instance": "wpc01q_svc1",
						"Schema": "WFNPISCH00001",
						"Password": "pxtadpadp",
						"UseSkipVPD": "No"
					},	
					"AWS_preDIT": {
						"DB Instance": "awfc04d_svc1",
						"Schema": "WFN17SCH000121",
						"Password": "pxtadpadp",
						"UseSkipVPD": "No"
					}
				}
			],
			"FIT1 Client DB": [
				{
					"WFC53Q": {
						"DB Instance": "WFC53Q_SVC1",
						"Schema": "WFN9SCH000053",
						"Password": "pxtadpadp",
						"UseSkipVPD": "Yes"
					}
				}
			]				
		}
	]
}
