<DDTToALM>
    <RunID></RunID>
    <Status></Status>
    <Fields>
        <Field>
            <Name>CompanyCode</Name>
            <Entity>Run</Entity>
            <ALMField>RN_USER_08</ALMField>
            <Value></Value>
        </Field>
        <Field>
            <Name>BrowserInfo</Name>
            <Entity>Run</Entity>
            <ALMField>RN_USER_09</ALMField>
            <Value></Value>
        </Field>
        <Field>
            <Name>SplunkExceptions</Name>
            <Entity>Run</Entity>
            <ALMField>RN_USER_TEMPLATE_04</ALMField>
            <Value></Value>
        </Field>             
        <Field>
            <Name>ErrorMessage</Name>
            <Entity>Run</Entity>
            <ALMField>RN_USER_15</ALMField>
            <Value></Value>
        </Field>
        <Field>
            <Name>AnalysisCategory</Name>
            <Entity>Run</Entity>
            <ALMField>RN_USER_05</ALMField>
            <Value></Value>
        </Field>
        <Field>
            <Name>FailedComponent</Name>
            <Entity>Run</Entity>
            <ALMField>RN_USER_TEMPLATE_05</ALMField>
            <Value></Value>
        </Field>
        <Field>
            <Name>FailedComponent</Name>
            <Entity>TestInstance</Entity>
            <ALMField>TC_USER_TEMPLATE_18</ALMField>
            <Value></Value>
        </Field>        
    </Fields>
</DDTToALM>